RMSE,MAE,R²,MAPE,Model
20617.38029071002,9119.164826246379,-0.22753220855447043,18465.21360645184,Linear Regression
