RMSE,MAE,R²,MAPE,Model
16948.62732615551,5771.122540363354,0.17046446719144537,18035.974930407436,Random Forest
