RMSE,MAE,R²,MAPE,Model
20361.046707438516,8983.70666792905,-0.1971984151228463,18143.636062163718,Ridge Regression
