RMSE,MAE,R²,MAPE,Model
18699.757506228336,5679.544107355667,-0.00980585020970648,18529.686254995806,XGBoost
